{
  "sites": [
    {"key":"世界杯","name":"一起看","type":"3","api":"csp_Dora","searchable":"1","quickSearch":"1","filterable":"1","ext":"8e3aefcba838d8dc5102ac786719d837"},
    {"key":"Hei19","name":"石榴","type":"3","api":"csp_Dora","searchable":"1","quickSearch":"1","filterable":"1","ext":"3bff500c8b1e06c052a1b0f1f7a62b45"},
    {"key":"独播库","name":"独播库","type":"4","api":"https://tang.run.goorm.app/duboku","searchable":"1","quickSearch":"1","filterable":"1"},
    {"key":"Lgyy","name":"蓝光","type":"3","api":"csp_Dora","searchable":"1","quickSearch":"1","filterable":"1","ext":"b2e573ff040fcd54b50475660ee1a7d1"},
    {"key":"Smdyy","name":"神马","type":"3","api":"csp_Dora","searchable":"1","quickSearch":"1","filterable":"1","ext":"16705ee9f4764be8499806f52d4bf1e7"},
    {"key":"Ddys","name":"低端","type":"3","api":"csp_Dora","searchable":"1","quickSearch":"1","filterable":"1","ext":"1cc92323700909e7d46623bc85b958d6"},
    {"key":"AppTT","name":"图图","type":"3","api":"csp_Dora","searchable":"1","quickSearch":"1","filterable":"1","ext":"110c922de7d69804467fb83d3bb664b5"},
    {"key":"IKan","name":"爱看","type":"3","api":"csp_Dora","searchable":"1","quickSearch":"1","filterable":"1","ext":"a4ce9a4ba7d4f4bced2ff9dfc4ab4e50"},
    {"key":"Czsapp","name":"厂长","type":"3","api":"csp_Dora","searchable":"1","quickSearch":"1","filterable":"1","ext":"8ee655f702d0d21f3643504783babbc3"},
    {"key":"Kuaikan","name":"快看","type":"3","api":"csp_Dora","searchable":"1","quickSearch":"1","filterable":"1","ext":"459b1cb892e317546676a2c9dcec2bff"},
    {"key":"Kunyu77","name":"七七","type":"3","api":"csp_Dora","searchable":"1","quickSearch":"1","filterable":"1","ext":"8b48a0834ee08e5e64977bc9fc8bc3e0"},
    {"key":"Auete","name":"奥特","type":"3","api":"csp_Dora","searchable":"1","quickSearch":"1","filterable":"1","ext":"b04b15448ad5bd4312f1fa1fb9aa9b1b"},
    {"key":"Bili","name":"哔哩","type":"3","api":"csp_Dora","searchable":"1","quickSearch":"1","filterable":"1","ext":"85b2986381a134ba3ebbaf25ae8138e7#https://ghproxy.com/https://raw.githubusercontent.com/FongMi/CatVodSpider/main/json/bili.json"},
    {"key":"AList","name": "AList","type": "3","api":"csp_AList","searchable":"1","ext": "https://ghproxy.com/https://raw.githubusercontent.com/FongMi/CatVodSpider/main/json/alist.json"},
    {"key":"Cokemv","name":"可乐","type":"3","api":"csp_Dora","searchable":"1","quickSearch":"1","filterable":"1","ext":"b88de1329655cca1beba45aa9776de70"},
    {"key":"LiteApple","name":"苹果","type":"3","api":"csp_Dora","searchable":"1","quickSearch":"1","filterable":"1","ext":"6deed4548c44b18d268a5d828f04d86e"},
    {"key":"SP360","name":"SP360","type":"3","api":"csp_Dora","searchable":"1","quickSearch":"1","filterable":"1","ext":"9248c57eb22ace4a3431fbd1a979465f"},
    {"key":"Gitcafe","name":"纸条","type":"3","api":"csp_Paper","searchable":"1","quickSearch":"1","filterable":"1","ext":"http://ali.饭太硬.ml/alitoken"},
    {"key":"Upso","name":"云搜","type":"3","api":"csp_UpYun","searchable":"1","quickSearch":"1","filterable":"1","ext":"http://ali.饭太硬.ml/alitoken"},
    {"key":"Lib","name":"Libvio","type":"3","api":"csp_Dora","searchable":"1","quickSearch":"1","filterable":"1","ext":"78d057e4d03e47cb62dce13d69b41d6f"},
    {"key":"Dy555","name":"555","type":"3","api":"csp_Dora","searchable":"1","quickSearch":"1","filterable":"1","ext":"f41992bd740145ed58cb212dc0876582"},
    {"key":"Xiaoh","name":"Xiaoh","type":"3","api":"csp_Dora","searchable":"1","quickSearch":"1","filterable":"1","ext":"0842c1d2a8534ec62fb3a3ed848851a7"},
    {"key":"Zhaozy","name":"资源","type":"3","api":"csp_Zhaozy","searchable":"1","quickSearch":"1","filterable":"1","ext":"http://ali.饭太硬.ml/alitoken$$$yingshi$$$abcd1234"},
    {"key":"YiSo","name":"易搜","type":"3","api":"csp_YiSo","searchable":"1","quickSearch":"1","filterable":"1","ext":"http://ali.饭太硬.ml/alitoken"},
    {"key":"AliPS","name":"盘搜","type":"3","api":"csp_PanSou","searchable":"1","quickSearch":"1","filterable":"1","ext":"http://ali.饭太硬.ml/alitoken"},
    {"key":"Zxzj","name":"在线","type":"3","api":"csp_Dora","searchable":"1","quickSearch":"1","filterable":"1","ext":"23a412dda32885ae2bcb97b956cd7ad4"},
    {"key":"push_agent","name":"PushAgent","type":"3","api":"csp_Push","searchable":"1","quickSearch":"1","filterable":"1","ext":"http://ali.饭太硬.ml/alitoken"}
  ],

  "lives": [
    {
      "name": "TXT",
      "type": 0,
      "url": "http://home.jundie.top:81/Cat/tv/live.txt",
      "epg": "http://epg.51zmt.top:8000/api/diyp/?ch={name}&date={date}",
      "logo": "https://epg.112114.xyz/logo/{name}.png"
    },
    {
      "name": "Json",
      "type": 1,
      "url": "https://ghproxy.com/https://raw.githubusercontent.com/FongMi/CatVodSpider/main/json/live.json",
      "epg": "http://epg.51zmt.top:8000/api/diyp/?ch={epg}&date={date}",
      "logo": "http://epg.51zmt.top:8000/{logo}"
    }
  ],


  "flags": ["youku","qq","iqiyi","qiyi","letv","sohu","tudou","pptv","mgtv","wasu","bilibili","csm3u8"],

  "ijk": [
   {"group":"软解码","options":[{"category":4,"name":"opensles","value":"0"},{"category":4,"name":"overlay-format","value":"842225234"},{"category":4,"name":"framedrop","value":"1"},{"category":4,"name":"soundtouch","value":"1"},{"category":4,"name":"start-on-prepared","value":"1"},{"category":1,"name":"http-detect-rangeupport","value":"0"},{"category":1,"name":"fflags","value":"fastseek"},{"category":2,"name":"skip_loop_filter","value":"48"},{"category":4,"name":"reconnect","value":"1"},{"category":4,"name":"enable-accurateeek","value":"0"},{"category":4,"name":"mediacodec","value":"0"},{"category":4,"name":"mediacodec-auto-rotate","value":"0"},{"category":4,"name":"mediacodec-handle-resolution-change","value":"0"},{"category":4,"name":"mediacodec-hevc","value":"0"},{"category":1,"name":"dns_cache_timeout","value":"600000000"}]},

   {"group":"硬解码","options":[{"category":4,"name":"opensles","value":"0"},{"category":4,"name":"overlay-format","value":"842225234"},{"category":4,"name":"framedrop","value":"1"},{"category":4,"name":"soundtouch","value":"1"},{"category":4,"name":"start-on-prepared","value":"1"},{"category":1,"name":"http-detect-rangeupport","value":"0"},{"category":1,"name":"fflags","value":"fastseek"},{"category":2,"name":"skip_loop_filter","value":"48"},{"category":4,"name":"reconnect","value":"1"},{"category":4,"name":"enable-accurateeek","value":"0"},{"category":4,"name":"mediacodec","value":"1"},{"category":4,"name":"mediacodec-auto-rotate","value":"1"},{"category":4,"name":"mediacodec-handle-resolution-change","value":"1"},{"category":4,"name":"mediacodec-hevc","value":"1"},{"category":1,"name":"dns_cache_timeout","value":"600000000"}]}],

  "ads": ["mimg.0c1q0l.cn","www.googletagmanager.com","www.google-analytics.com","mc.usihnbcq.cn","mg.g1mm3d.cn","mscs.svaeuzh.cn","cnzz.hhttm.top","tp.vinuxhome.com","cnzz.mmstat.com","www.baihuillq.com","s23.cnzz.com","z3.cnzz.com","c.cnzz.com","stj.v1vo.top","z12.cnzz.com","img.mosflower.cn","tips.gamevvip.com","ehwe.yhdtns.com","xdn.cqqc3.com","www.jixunkyy.cn","sp.chemacid.cn","hm.baidu.com","s9.cnzz.com","z6.cnzz.com","um.cavuc.com","mav.mavuz.com","wofwk.aoidf3.com","z5.cnzz.com","xc.hubeijieshikj.cn","tj.tianwenhu.com","xg.gars57.cn","k.jinxiuzhilv.com","cdn.bootcss.com","ppl.xunzhuo123.com","xomk.jiangjunmh.top","img.xunzhuo123.com","z1.cnzz.com","s13.cnzz.com","xg.huataisangao.cn","z7.cnzz.com","xg.huataisangao.cn","z2.cnzz.com","s96.cnzz.com","q11.cnzz.com","thy.dacedsfa.cn","xg.whsbpw.cn","s19.cnzz.com","z8.cnzz.com","s4.cnzz.com","f5w.as12df.top","ae01.alicdn.com","www.92424.cn","k.wudejia.com","vivovip.mmszxc.top","qiu.xixiqiu.com","cdnjs.hnfenxun.com","cms.qdwght.com"],
  "wallpaper": "https://picsum.photos/1280/720/?blur=5",
  "spider": "./custom_spider.jar;md5;ce1f5c25edfd364ed1312933f61a70f4"
}
